date,total_count,nan_count,valid_count,monthly_cap,MSE,MAE,RMSE,NSE,Accuracy,mean_true,mean_pred
2018-01-01,1968,24,1944,150,17.143203235086308,3.0258613314562943,4.14043515045053,-2.819116659342237,53.73245431858189,7.682012195121951,5.035822855502677
2018-01-02,1968,24,1944,150,4.622660784082352,1.6279975875406314,2.1500373913219164,-0.04431218662660541,67.76513338203142,5.852439024390243,6.334756363285303
2018-01-03,1968,24,1944,150,1.3802310164098734,0.8438671575005476,1.1748323354461578,0.7823953139943579,-16.127577220281996,1.4317073170731707,1.8610384623982863
2018-01-04,1968,24,1944,150,1.9927668971059336,1.0633335497869976,1.411653957988973,0.5155699859330198,-42.59673868371476,-0.7428353658536586,-0.421518959253109
2018-01-05,1968,0,1968,150,1.7228247391291571,0.8472529061406184,1.3125641847655136,0.34466302025257334,-29.018957779007227,-0.04568089430894302,0.36141420230673454
2018-01-06,1968,0,1968,150,0.7567318943478301,0.6710737248028644,0.869903382191281,0.7263714168977051,-19.136845719790884,0.32052845528455276,0.8777120886444778
2018-01-07,1968,0,1968,150,0.9491776184869385,0.6738072972200556,0.974257470326473,0.6030747447089233,-21.055951376968363,0.4476626016260163,0.6584308664247179
2018-01-08,1968,0,1968,150,3.9816757123598605,1.4958104804020973,1.9954136694830624,0.6809578772878011,-10.259791415124031,1.6277439024390243,1.5589599769341955
2018-01-09,1968,0,1968,150,2.666342522318474,1.2242146774178098,1.6328939103072415,0.8600101594957202,10.867554988649186,3.103353658536585,2.8902736020187385
2018-01-10,1968,0,1968,150,2.295978708337086,1.1673887189170729,1.515248728208371,0.8971841277780686,4.476146837785611,3.1921747967479677,3.9569780681673823
2018-01-11,1968,0,1968,150,1.9034428432770985,1.082222036397002,1.3796531604998041,0.9137547997882067,21.18443815982607,2.885518292682927,3.6416505226085225
2018-01-12,1968,0,1968,150,2.0752306721635025,1.0673974137310744,1.440566094340521,0.8395981681090293,18.643074535112923,2.5894817073170735,3.0547786226412366
2018-01-13,1968,0,1968,150,1.859654387411481,1.0465224967191442,1.3636914560894928,0.7639427213101411,31.59957287023143,3.4091971544715447,3.5962328987089136
2018-01-14,1968,0,1968,150,4.421744767888504,1.4249789487679367,2.1027945139476905,0.7685084333727883,44.12944185023293,5.619715447154472,4.90369440560708
2018-01-15,1968,0,1968,150,2.4527781044726433,1.1621229782464866,1.566134765744201,0.6066169509778148,70.49850474103197,6.661178861788617,6.588072420971002
2018-01-16,1968,0,1968,150,2.4462885014744336,1.1411851894451168,1.5640615401813427,0.6452336670696841,63.12999581379908,5.7681910569105685,6.0977982448194386
2018-01-17,1968,0,1968,150,2.66911848938307,1.1744641092537742,1.6337437037011253,0.7084325212320632,73.89495374240404,6.38145325203252,6.359447575272704
2018-01-18,1968,0,1968,150,2.0047375856148113,0.9166574609291748,1.4158875610777897,0.27322494293888466,82.46787607894535,5.742682926829269,6.203738245991914
2018-01-19,1968,0,1968,150,1.8201642196085535,0.9516270363559507,1.3491346187866329,0.7500732305245938,72.48009554075274,6.0077743902439025,6.066265730066149
2018-01-20,1968,0,1968,150,1.468733463507595,0.8457580002072094,1.2119131418990368,0.7763886450632289,81.33907723745341,6.579217479674797,6.682364889828496
2018-01-21,1968,0,1968,150,2.1242853604066214,1.0907560609591502,1.4574928337410862,0.7324238863769525,60.22731342018231,5.858384146341463,6.37364923996885
2018-01-22,1968,0,1968,150,3.402257431523988,1.277577673108506,1.8445209219534453,0.678244749687392,71.0301221889534,6.313922764227642,6.489043866908859
2018-01-23,1968,0,1968,150,4.74206326928885,1.3904633720496762,2.177627899639617,0.3390077802291944,8.264133767487936,2.9752540650406507,4.244741574408181
2018-01-24,1968,0,1968,150,1.3156796027087927,0.796281770647465,1.1470307767051382,0.7018109475403421,-6.813012590134049,0.06021341463414634,0.7180625934615374
2018-01-25,1968,0,1968,150,1.0217085566524433,0.7426769334789767,1.010796001502006,0.6774013254468033,19.77410882591245,-2.0700203252032523,-1.6363587494550569
2018-01-26,1968,0,1968,150,1.2786276279916144,0.8336871756384943,1.1307641787709826,0.5644973081476157,34.620070217703436,-2.7188516260162605,-1.972054692111662
2018-01-27,1963,0,1963,150,1.6743266147454963,1.0116003614587978,1.2939577329826104,0.655008049566475,51.59731957498646,-3.3644421803362197,-2.4443803807289752
2018-01-28,1968,0,1968,150,1.9587104690450625,1.0567597790175642,1.3995393774542617,0.7060214097405558,3.5501484991061982,-2.380386178861788,-2.031904516117986
2018-01-29,1968,0,1968,150,1.2914498680725106,0.8956534425211253,1.136419758747845,0.8382154705653274,25.78483012068491,-1.449339430894309,-0.9696875452849545
2018-01-30,1968,0,1968,150,1.6095541039030843,0.9681729363368357,1.2686820342004865,0.6984536337799281,-13.333793329985365,1.256808943089431,0.953092842475835
2018-01-31,1968,0,1968,150,3.2506669807587536,1.3509465582346036,1.8029606154208564,0.7661011548615603,-6.169135680206961,1.2338414634146342,1.4483844813056919
2018-02-01,1968,0,1968,150,1.4868658744517596,0.9101727689417979,1.219371097923745,0.8198937676329499,35.61044580350058,2.790752032520325,2.598946488736331
2018-02-02,1968,0,1968,150,2.155613908881024,1.1403414063542754,1.4682009088953132,0.8415459579731137,24.659163627983517,2.172815040650406,2.603415270002343
2018-02-03,1968,0,1968,150,1.214233873821507,0.8495705465662173,1.1019228075602696,0.8730851231942152,36.18818250135796,0.012042682926829263,0.46167491168319436
2018-02-04,1968,0,1968,150,1.3121447756109872,0.8897735162764954,1.1454888806142935,0.885363861399554,33.7256497509086,0.3083333333333333,0.613286574903073
2018-02-05,1968,0,1968,150,2.162140563833497,1.0990915912617094,1.4704218999435152,0.8942825619787513,25.37325806344326,1.9819105691056909,2.093424493121835
2018-02-06,1968,0,1968,150,1.962001852187861,1.0762732529812076,1.4007147647497191,0.8835252810122824,11.76254243120659,3.2765752032520323,3.834855545227931
2018-02-07,1968,0,1968,150,2.2200715477512647,1.1936954355606884,1.4899904522349345,0.8682237048370258,-3.7487136150780254,3.9615345528455284,4.536337360018441
2018-02-08,1968,0,1968,150,2.0121095144736483,1.0657563786445883,1.4184884611704278,0.8389098888702647,66.00436980411244,6.492479674796749,6.0801456595720405
2018-02-09,1968,0,1968,150,2.5229383383224815,1.168120579008104,1.5883760065936785,0.5604310347593022,83.82326263257193,8.105945121951219,7.274644928469466
2018-02-10,1968,0,1968,150,2.4144043312412866,1.1787468296628683,1.5538353616909633,0.7918768691300268,19.209940938587234,4.78119918699187,5.399719036867068
2018-02-11,1968,0,1968,150,2.6738493502870533,1.234874668164459,1.6351909216623768,0.8477694521777431,36.78624925211342,5.227947154471545,5.231985971185841
2018-02-12,1968,0,1968,150,2.585264582015418,1.2081726083208286,1.6078757980688116,0.8685637262912393,37.560455555228536,5.9194105691056915,6.078413464358962
2018-02-13,1968,0,1968,150,3.696628882395771,1.4504384607754317,1.9226619261835325,0.8329587080253669,77.1983772879659,9.766565040650406,9.04204811079511
2018-02-14,1968,0,1968,150,4.400832560512802,1.4663904437325834,2.0978161407789773,0.4310214321866046,84.47355507596268,10.139684959349594,10.515264435572837
2018-02-15,1968,0,1968,150,4.183160897522743,1.3655126500014865,2.04527770669969,0.12997698856509055,72.92754655412557,6.688465447154472,7.755547024374423
2018-02-16,1968,0,1968,150,3.2617767948632563,1.299188911662687,1.806038979331082,0.7557601791638555,80.43117536498929,8.45599593495935,8.172499213734929
2018-02-17,1968,0,1968,150,2.981654442039704,1.18624204372972,1.7267467799418954,0.6164585576667816,86.08624514389018,9.189888211382112,9.380423108494378
2018-02-18,1968,0,1968,150,2.4488999561113958,0.9711471816873164,1.5648961486665482,-0.4121137376202122,84.72765613392775,6.661432926829268,7.398415887016591
2018-02-19,1755,0,1755,150,1.3793999732891606,0.82539509721631,1.1744785963520836,0.5355267705500515,85.06821011719518,6.23059829059829,6.4776507766158495
2018-02-20,1968,0,1968,150,1.544321369534982,0.809790358698465,1.2427072742745904,-0.09532551234628928,86.23432815254758,6.142276422764228,6.5715849922924505
2018-02-21,1968,0,1968,150,2.4067579285716167,1.1355062814667911,1.5513729173127964,0.16945014716601448,73.54614826536134,5.426880081300813,6.298076462789961
2018-02-22,1968,0,1968,150,6.5106273421852,1.7931642585523935,2.5515930988669018,0.5617760260538378,66.70174515340975,7.484197154471546,7.126432700478755
2018-02-23,1968,0,1968,150,3.64110711588131,1.432125827452505,1.9081685239730033,0.715336127134625,84.40841072576804,10.917733739837397,10.218630586944357
2018-02-24,1968,0,1968,150,4.06197059031641,1.3821556857105617,2.0154331024165524,0.6951014394323263,79.13044467268998,8.717479674796747,9.658113230023593
2018-02-25,1968,0,1968,150,3.2024490556373797,1.293809096913073,1.7895387829374862,0.7706008282320326,80.68129403681418,8.192327235772357,8.230865431269933
2018-02-26,1968,0,1968,150,3.8629124539605115,1.466167750522661,1.965429330696098,0.7542359123853242,87.3737717144271,12.52433943089431,11.578520376479435
2018-02-27,1968,0,1968,150,2.7881852618207383,1.186530608181062,1.669785992820858,-0.6934158376824988,88.2491382344112,10.140548780487807,10.337716197579857
2018-02-28,1968,0,1968,150,2.2845300594508546,1.1256247715736794,1.5114661952722774,0.7909293995415058,90.43287588289643,12.267123983739836,11.999951633253717
2018-03-01,1968,0,1968,150,4.397632373728979,1.4374020681633213,2.0970532596309943,0.5794887342800448,85.6258636691455,10.372815040650407,11.002977890939247
2018-03-02,1968,0,1968,150,1.991777064119111,1.011069795125868,1.4113033210898043,0.38609467012269116,89.5528210445541,9.840752032520324,9.761307153033048
2018-03-03,1968,0,1968,150,4.086474282168702,1.383266765437036,2.021502976047451,0.6819923439463054,90.9158865857094,14.07658727907787,13.116924528910861
2018-03-04,1968,0,1968,150,5.743615212618571,1.5234200496983723,2.3965840716775557,0.6807243234534284,87.73247181096512,12.073323170731708,12.492101440100166
2018-03-05,1968,0,1968,150,2.9319721751818224,1.2182731066232289,1.712300258477415,0.3074918510320287,86.91224439892807,9.463008130081299,8.760127632023115
2018-03-06,1968,0,1968,150,3.570939819929374,1.246763400721356,1.8896930491297717,-0.32087759735545807,74.896402134387,5.599441056910568,6.294868238633725
2018-03-07,1968,0,1968,150,1.572291541271646,0.9257435467128255,1.2539104997054797,0.7031363191818416,75.13302282369425,5.585060975609756,5.77421583751845
2018-03-08,1968,0,1968,150,2.9950682149576395,1.2004633233776483,1.7306265382680457,0.801593915703392,74.56086835751236,7.816666666666667,7.595121475958788
2018-03-09,1968,0,1968,150,1.8047284505228403,1.0224878080492097,1.3434018202022953,0.8853313736586911,86.18589514522964,9.46219512195122,9.549263639663293
2018-03-10,1968,0,1968,150,3.113965849815829,1.3341467949917647,1.7646432641799954,0.8274073158611407,89.76970795001029,13.770528455284554,12.937575023106444
2018-03-11,1968,0,1968,150,2.054597647215345,1.100305941046738,1.4333867751641025,0.8746634618555903,92.00167025329483,14.31803861788618,14.11456594525314
2018-03-12,1968,0,1968,150,3.0417810804665053,1.2292966231098021,1.744070262479842,0.8507061680379344,92.41662855053886,16.36864837398374,15.898509528094191
2018-03-13,1968,0,1968,150,2.252842508715386,1.0798359600993674,1.5009472038400904,0.8209189035313215,94.00261257438072,17.86905487804878,17.407344386102707
2018-03-14,1968,0,1968,150,2.2202834275298744,1.0374825322046513,1.4900615515910323,0.8068248309562078,94.26723991222896,18.004573170731707,17.71898727470297
2018-03-15,1968,0,1968,150,7.175791526867355,1.88179080878816,2.6787667921764586,0.7625454786636208,87.07870190568802,16.833790650406502,17.48649482974192
2018-03-16,1968,0,1968,150,4.902694224200767,1.6001076475876133,2.2142028417018995,0.266109363175945,82.99063478137866,9.926981707317072,9.55766182144483
2018-03-17,1968,0,1968,150,3.435339403351141,1.2618081562402772,1.8534668606023526,0.40222031783196555,84.7152038504905,9.034146341463416,9.36935948525987
2018-03-18,1968,0,1968,150,1.7801053548376868,0.938269319476151,1.3342058892231314,0.0980643403390643,87.92624000168945,7.879014227642277,8.23095304597684
2018-03-19,1968,0,1968,150,2.4579148582437322,1.0030702635040127,1.5677738543054391,-0.3100720861478323,86.80193761684258,7.608790650406504,8.369034050683664
2018-03-20,1968,0,1968,150,3.4633046336509237,1.3819308882866932,1.8609956028026835,0.7240371413785005,76.22197608628365,8.34329268292683,8.39146744650675
2018-03-21,1968,0,1968,150,1.6116440111305526,0.9496683360115299,1.269505419890184,0.8845015920743744,89.51909809295803,9.943546747967481,9.977466601666396
2018-03-22,1968,0,1968,150,4.13625586853952,1.3389523706300472,2.033778716709249,0.7893118396378886,90.04050037262945,13.251016260162602,12.726717919595842
2018-03-23,1968,0,1968,150,3.7114351437950224,1.432640906465732,1.9265085371715907,0.7665797391864058,91.61053814935502,17.40127032520325,16.62412316333957
2018-03-24,1968,0,1968,150,2.691148681925535,1.1497696224266922,1.6404720911754442,0.648157121020208,92.78857884133774,15.541768292682926,15.671866105339392
2018-03-25,1968,0,1968,150,1.7651294507838178,1.0028404668094666,1.328581744110545,0.828114766760883,93.13057038471177,14.966412601626017,15.223433406856971
2018-03-26,1968,0,1968,150,2.5382929233065017,1.1057199663747617,1.5932020974460528,0.8395970466641411,93.40013880907468,16.657418699186994,16.63467070072647
2018-03-27,1968,0,1968,150,2.4214253747898193,1.1263202505383065,1.5560929839793698,0.8986614349053068,94.20687673714976,19.42372967479675,19.02866965435385
2018-03-28,1968,0,1968,150,1.79840905524503,0.9787492877584161,1.3410477453264034,0.9034701795225106,95.18959476088287,20.889735772357724,20.829032818718655
2018-03-29,1968,0,1968,150,2.5021448831298896,1.1297965722355416,1.5818169562657651,0.7397946927275318,94.14534071749043,19.260365853658538,19.31404925168045
2018-03-30,1968,0,1968,150,1.9973852979924456,1.010327448980595,1.413288823274438,0.8628844309032605,94.3499108820021,18.066819105691057,18.184594695645618
2018-03-31,1968,0,1968,150,3.12017176767026,1.2361494990868298,1.766400794743441,0.7574092924415655,94.05422438537452,20.21666666666667,19.374380117509425
2018-04-01,1968,0,1968,150,3.1737411271747384,1.0866645068573202,1.7814996848651807,0.7891815873676249,94.8520846528255,20.880370161614934,20.77011690004085
2018-04-02,1965,0,1965,150,3.5411874914020527,1.233570638924021,1.8818043180421424,0.8468133881725399,94.61928928705481,22.416867009248307,21.90058184834837
2018-04-03,1968,0,1968,150,6.953404032999292,1.7517554629624374,2.6369307979162615,0.8245671041283269,90.33692952958803,22.516260162601625,22.960168832928186
2018-04-04,1968,0,1968,150,6.868061791898885,1.7611601964729588,2.6206987220775466,0.6603884396205512,85.19970342394575,12.710873983739837,13.112128774082757
2018-04-05,1968,0,1968,150,5.274862606900607,1.682006703741182,2.296706904875023,-0.8281175166193437,79.91661080911433,8.603150406504065,8.335662681881974
2018-04-06,1968,0,1968,150,2.722088177302639,1.2215494722029483,1.6498752005235544,0.8664219031565984,87.05795454541257,12.339939024390244,11.98385868830667
2018-04-07,1968,0,1968,150,3.1845387074406726,1.3542284850182573,1.78452758662921,0.8282048945032326,88.52463462887209,12.671798780487807,12.460899611314138
2018-04-08,1968,0,1968,150,3.6651378697583143,1.439048240436771,1.9144549798201875,0.8549540331354326,91.65226200152951,17.501880081300815,16.65235274981677
2018-04-09,1968,0,1968,150,2.372297229397519,1.202979558948579,1.5402263565455303,0.8954958490193623,93.935090445655,20.618750000000002,20.51719712968764
2018-04-10,1968,0,1968,150,3.922273197022155,1.4238760657426788,1.9804729730602624,0.78117482653958,93.87202534309525,23.065142276422762,22.262694816279218
2018-04-11,1968,0,1968,150,3.3863018431814753,1.2843579993015384,1.8401907083727695,0.605505100375892,94.3372095134916,22.14364837398374,21.49638927322093
2018-04-12,1968,0,1968,150,5.421397275027572,1.5448518966271627,2.328389416534007,0.6730269664879927,90.92887590944275,17.30035569105691,18.22193729247504
2018-04-13,1968,0,1968,150,4.537067797219106,1.4183935573430566,2.130039388654376,-0.05105747535811411,89.05477599774474,12.857621951219512,13.543621461565902
2018-04-14,1968,0,1968,150,2.4417481479180547,1.1276736543113033,1.562609403503657,0.6805146487386473,91.0146909082978,13.039245329429232,13.236945205345386
2018-04-15,1968,0,1968,150,1.5898016022261758,0.9721295274370085,1.2608733490030535,0.8858723946084717,93.06383946152874,14.662550813008131,14.480420591869974
2018-04-16,1968,0,1968,150,2.6122197824014126,1.1403579170141762,1.6162363015355807,0.8626852231223096,92.56827742510839,16.413109756097562,16.51227052134227
2018-04-17,1968,0,1968,150,1.4251108185302808,0.9232752770912357,1.1937800545034587,0.9300124615837928,94.88776068121584,19.116768292682927,19.116344338510096
2018-04-18,1968,0,1968,150,2.938910519270998,1.3197834273663962,1.714325091477984,0.8813373584893487,93.66253857946771,21.62164634146341,21.45263734047975
2018-04-19,1968,0,1968,150,1.9859147478374675,1.047590470314026,1.409224874829233,0.8959881047016657,95.53959530382396,23.75035569105691,23.285834999588445
2018-04-20,1968,0,1968,150,3.3216166884534886,1.3561571749656969,1.8225302983636482,0.7009534940519357,93.91892309575168,22.73357850948729,22.485381753948644
2018-04-21,1968,0,1968,150,4.107795132364916,1.445161490233344,2.02676962982104,0.4139391220795253,93.85356325873475,23.033939365939776,22.170604966520294
2018-04-22,1968,0,1968,150,8.383339753729508,1.9126767447139776,2.895399757154357,0.5811276904483469,89.4863640229714,18.576512265905457,19.83378016367191
2018-04-23,1968,0,1968,150,2.408117699107839,1.167782775657933,1.551811102907773,0.6294807638851927,92.5769577729983,15.904878048780489,15.64874348068625
2018-04-24,1968,0,1968,150,1.4090241719409253,0.8661957474258857,1.1870232398487088,0.6890274842075219,94.94541546591557,16.86016260162602,16.857044762227595
2018-04-25,1968,0,1968,150,1.488052044397235,0.8780746148853769,1.21985738690932,0.7233072621630958,94.8885342003254,16.916666666666668,16.843608571746486
2018-04-26,1968,0,1968,150,3.122007064606139,1.2127332369486492,1.7669202202154286,0.7188178425740419,93.6439032514374,18.68734756097561,18.36494021396327
2018-04-27,1968,0,1968,150,1.8221272419178776,1.0116045999333139,1.349861934391024,0.8984641303229365,95.04187840510325,20.859552845528455,20.75287268559138
2018-04-28,1968,0,1968,150,1.5491701629305756,0.8975195427251057,1.24465664459343,0.875094741350602,95.89056132219966,22.029776422764225,22.30895046780749
2018-04-29,1968,0,1968,150,2.8002427590762715,1.1406414401240466,1.6733925896442448,0.7641071810416247,95.10337545203538,22.663770325203252,22.57172898887619
2018-04-30,1968,0,1968,150,2.5834092550574987,1.1681265665263665,1.607298744806795,0.793745501590329,95.28551945589754,24.40177845528455,23.93072487425998
2018-05-01,1968,0,1968,150,3.203656205540554,1.2724471851093013,1.7898760307743533,0.6217474950554962,94.47469234506639,22.849136178861787,22.714523211242707
2018-05-02,1968,0,1968,150,2.2566586622494516,1.104260643051416,1.5022179143684353,0.8440623080017541,94.69624317206527,21.41724937807206,21.676449357978697
2018-05-03,1968,0,1968,150,2.006905236047983,1.0419355073370709,1.416652828341504,0.8656535973385431,94.93311157044411,21.30246423209277,21.174278739991227
2018-05-04,1968,0,1968,150,4.998991633008131,1.559272137017754,2.2358424884164205,0.41094196681855355,92.1767183660343,19.973780487804873,20.0796945264669
2018-05-05,1968,0,1968,150,4.207751926708985,1.5837240007834705,2.051280557775797,0.6682590196199811,93.19751931041851,22.54618902439024,21.341459492357767
2018-05-06,1968,0,1968,150,6.022706344023407,1.499627190372417,2.454120279045713,0.07031417820930219,92.25902329688108,18.931157665407365,19.308111091939413
2018-05-07,1968,0,1968,150,2.100288149846633,1.0236106357852481,1.449237092351225,0.7729123701964685,94.6500767224263,19.1811421260672,19.06863755472307
2018-05-08,1968,0,1968,150,1.9230695090962804,1.0618190530839005,1.38674781741176,0.8513996177463188,94.56781563378523,20.013871951219514,20.20462508511737
2018-05-09,1968,0,1968,150,1.6220482474492632,0.9449505057761339,1.2735965795530637,0.8835782068800137,95.56333339872486,21.697459349593498,21.525677537530417
2018-05-10,1968,0,1968,150,4.680581872234398,1.4079157012264902,2.1634652463662083,0.20098716887325496,92.99621138872692,20.201219512195124,20.670060089448604
2018-05-11,1967,0,1967,150,1.3333519060883996,0.8098910200335255,1.1547085805900983,0.5662272541487106,96.00623347016418,19.955363497712252,19.76644487822183
2018-05-12,1968,0,1968,150,2.97087859633401,1.2460615126098074,1.7236236817629333,0.7955834678946708,94.42829924264203,22.171138211382114,21.807169772260558
2018-05-13,1968,0,1968,150,2.190803310961051,1.0714810475101317,1.4801362474316515,0.8700425432314862,95.67902811834553,24.585721544715447,24.085865713231932
2018-05-14,1968,0,1968,150,2.51094341589999,1.1861981594465612,1.5845956632213754,0.793149257677555,95.72097015669287,27.72012195121951,27.00889921721404
2018-05-15,1968,0,1968,150,4.264905836131749,1.4604563536682749,2.0651648447840065,0.7076280831100965,94.76512286985627,28.178760162601627,27.545237687545093
2018-05-16,1968,0,1968,150,3.8477756510506436,1.3506406442905827,1.9615747885437975,0.7386809244473934,95.5464012770165,29.356859756097563,28.380382409909878
2018-05-17,1968,0,1968,150,3.283043676995392,1.2860944090819941,1.8119171275186379,0.837649571279744,95.23344039759488,28.678912601626017,28.782833643075897
2018-05-18,1968,0,1968,150,7.642987566718158,1.7224189886232701,2.764595371246606,-0.5851275212196185,92.9138103537024,24.084197154471546,24.622659367274462
2018-05-19,1968,0,1968,150,2.5777117029598546,1.0869214175193291,1.6055253666510083,0.7682696016108599,95.45006257498771,24.203506097560975,24.418804170154942
2018-05-20,1968,0,1968,150,4.376328301788746,1.352428425327549,2.091967567097718,0.4340217967439479,93.6588230108075,21.167479674796752,21.80201757874915
2018-05-21,1968,0,1968,150,2.273026660532015,1.0570818172237737,1.5076560153204759,0.7031039656338001,94.80916392731208,20.304166666666667,20.926783343640768
2018-05-22,1968,0,1968,150,3.5190633000327236,1.2612264989352808,1.8759166559398963,0.3847274813049032,92.66880150627745,17.801626016260162,18.226653253402166
2018-05-23,1968,0,1968,150,3.6320453435530045,1.3800242492823094,1.9057925762141599,0.5692080223478424,93.64567129936819,21.520630081300816,20.457959813315693
2018-05-24,1968,0,1968,150,2.4319450513337375,1.1839962359366378,1.5594694775255262,0.7272644552019423,95.11559618405587,24.032012195121954,23.4329124955627
2018-05-25,1968,0,1968,150,4.53217083503375,1.50100635231995,2.1288895779334704,0.7283415051876234,93.71957928884018,23.715752032520324,23.787874388985518
2018-05-26,1968,0,1968,150,3.144751984062853,1.1835541427620058,1.7733448576243858,0.6158908183128603,94.71040313967829,22.72606707317073,22.967014149437105
2018-05-27,1968,0,1968,150,2.5389544670276893,1.1628143108957183,1.5934096984227533,0.7708468536446715,94.99413746431233,22.854268292682924,22.243221187979227
2018-05-28,1968,0,1968,150,1.197981171614127,0.8088623040090732,1.094523262253538,0.870428175912769,96.57124677987746,23.336890243902438,23.31503017210379
2018-05-29,1968,0,1968,150,1.7673503788851324,0.9626634531873999,1.32941730802827,0.8411757042299022,95.85414138336874,23.22266260162602,23.17821000552759
2018-05-30,1968,0,1968,150,3.4490541061619164,1.2494017501187518,1.8571629185835896,0.4651625155445661,93.54960717976245,19.38206300813008,19.96567366520564
2018-05-31,1968,0,1968,150,1.3218478691815034,0.8186651806521222,1.1497164298997833,0.7869865738059582,95.91855525012463,19.57469512195122,19.200585952134638
2018-06-01,1968,0,1968,150,3.13540676875882,1.2765900775669068,1.7707079851739587,0.7398369153512769,94.129840971547,21.703150406504065,21.330154816794202
2018-06-02,1968,0,1968,150,2.477662040540102,1.0990166023494752,1.5740590969020516,0.6876546949985354,94.94439542200828,21.376168699186994,21.421220693646408
2018-06-03,1968,0,1968,150,1.462987375218946,0.9229665403443622,1.2095401503128973,0.8446267976982049,96.12724499987173,23.76346544715447,23.328676621119182
2018-06-04,1968,0,1968,150,2.031150473621318,0.9883552716030336,1.4251843647827878,0.8235052597639414,95.89711792837274,23.715447154471544,23.705180086740633
2018-06-05,1968,0,1968,150,1.6022441135525787,0.9386506766807742,1.2657978170120925,0.8833310733490547,96.05692486566265,23.801473577235775,23.725374019242885
2018-06-06,1968,0,1968,150,1.8490526459986019,1.006225225595924,1.3597987520212695,0.8826064753049561,96.11978799583888,25.62784552845529,25.24390354873688
2018-06-07,1968,0,1968,150,1.213933267753981,0.8219274776737865,1.1017863984248404,0.914892687859785,96.9003294274437,27.116310975609753,26.988353892070492
2018-06-08,1968,0,1968,150,2.6083544758009185,1.1599604054195127,1.6150400848898205,0.806737474156589,95.4599694782808,25.967784552845533,25.95802875359853
2018-06-09,1968,0,1968,150,2.0029278960641714,1.0480306587568142,1.4152483513730625,0.8361391337217117,95.60823231913758,23.65538617886179,23.748320518954984
2018-06-10,1968,0,1968,150,1.698350074317155,0.9899198018438448,1.3032076098293606,0.905241787888974,96.0804330359982,25.163973577235772,24.794417071148633
2018-06-11,1968,0,1968,150,1.911908097671303,0.9703980794767055,1.3827176492947875,0.8659982127280763,96.24180562256912,26.362906504065037,26.396384710218847
2018-06-12,1968,0,1968,150,2.564098753574397,1.119756422391752,1.6012803482133904,0.8643608311713749,95.92860857215936,26.912703252032518,26.542503518786855
2018-06-13,1968,0,1968,150,2.777081801339132,1.1860428887654124,1.6664578606550877,0.7942309631266382,95.44697127977996,25.663770325203252,26.17014957055813
2018-06-14,1968,0,1968,150,1.394331183435875,0.901425318020146,1.1808180145288583,0.8906491096728985,96.65674969088369,26.80838414634146,26.747494758629216
2018-06-15,1968,0,1968,150,1.969779507238989,1.0133101389660097,1.4034883352700118,0.8755827454848281,96.52524059008547,28.60919715447154,28.100851349714326
2018-06-16,1968,0,1968,150,1.1808526230594005,0.8213683335761713,1.0866704298265415,0.8965719321140989,97.059135385927,27.973323170731707,27.711117629113236
2018-06-17,1968,0,1968,150,1.2918612968983914,0.8217307633500759,1.1366007640761076,0.890103709195657,96.92801123116386,27.289532520325206,27.182554283762364
2018-06-18,1968,0,1968,150,1.8588068525548818,0.9863081515319947,1.3633806704493363,0.8932133827410912,96.29707964669365,27.264888211382114,27.167587550674998
2018-06-19,1968,0,1968,150,2.641036672821727,1.0987959026321164,1.6251266636240165,0.35796062596777956,95.55795433367787,24.360772357723576,24.362288766760166
2018-06-20,1968,0,1968,150,1.3352233887642417,0.8269101375486794,1.1555186665581139,0.754087240113299,96.66778806928872,24.541463414634144,24.742872999935614
2018-06-21,1968,0,1968,150,1.466023881609339,0.8486642116453589,1.2107947314096386,0.8187318090982298,96.64273151189148,25.31427845528455,25.35427405000702
2018-06-22,1968,0,1968,150,2.5653119138047265,1.0592568374261626,1.6016591128591398,0.3977842766142279,95.57547725581237,23.72047764227642,23.847365989917662
2018-06-23,1968,0,1968,150,1.5274505628975819,0.9171723005248278,1.2359007091581353,0.7584973456690673,96.57426083224566,26.367428861788618,25.773833668328884
2018-06-24,1968,0,1968,150,2.9749581372570773,1.2881381503934783,1.724806695620433,0.5899444981875568,95.3909569758101,27.702642276422765,27.39307125990953
2018-06-25,1968,0,1968,150,3.5750744372620216,1.3087911020449505,1.8907867244250531,0.6414283139572106,95.74516343363182,30.125406504065044,29.19631021003413
2018-06-26,1968,0,1968,150,2.511803244639398,1.1159258346247478,1.5848669485604772,0.7908276039302626,96.36022375806313,30.557164634146343,30.188771030767178
2018-06-27,1968,0,1968,150,1.2428611458375993,0.8396064603231786,1.1148368247584932,0.888789484983494,97.305407356516,30.7932418699187,30.310853138202575
2018-06-28,1968,0,1968,150,4.598419080465925,1.3265744621869457,2.1443924735145674,0.6460137590161616,95.3513323312417,28.661303442832846,29.18305246229094
2018-06-29,1968,0,1968,150,2.6022158561934674,1.1392664323977337,1.6131385111618493,0.7118791533127184,95.98656907872552,28.42342479674797,28.32642541474443
2018-06-30,1968,0,1968,150,6.598742289238026,1.7069330347262746,2.5688017224453166,-0.08417408848614683,93.11600352895675,24.839939024390244,25.729897725872878
2018-07-01,1968,0,1968,150,2.08603916102112,1.060022454920823,1.4443126950287184,0.7409289976735552,96.08266294191976,26.507063008130082,25.970955226479507
2018-07-02,1968,0,1968,150,2.5173121325914094,1.090776864106093,1.5866039621126027,0.5439895596105757,96.02230168663056,27.071849593495937,27.271104165209017
2018-07-03,1968,0,1968,150,1.6444204098481097,0.9360347550089766,1.2823495661667725,0.6615783156080465,96.5917156641161,27.257012195121952,26.97750695352632
2018-07-04,1968,0,1968,150,2.7202139306189674,1.2280132590270625,1.6493071062173252,0.8057959715201656,95.61816276150122,27.89740853658537,27.697745585829264
2018-07-05,1968,0,1968,150,2.775343519557747,1.2279355047194938,1.6659362291389628,-0.005998000424886518,95.25421965812244,25.547865853658536,25.365434339376
2018-07-06,1968,0,1968,150,1.922576198569354,0.9929271027324644,1.386569940020825,0.7459675281017869,96.36466725210285,26.717936991869916,26.274868602675152
2018-07-07,1968,0,1968,150,1.55863381070295,0.8753194178992169,1.248452566460957,0.6602927357314161,96.68334109790926,26.171697154471545,26.069000041581752
2018-07-08,1968,0,1968,150,1.3752004547639827,0.8893131548796243,1.1726894110394204,0.658647707942071,96.64687308673655,26.395477642276425,26.276128496580977
2018-07-09,1968,0,1968,150,1.5271766429825584,0.8943882120334036,1.235789886260022,0.75491878691819,96.68563111214478,26.628556910569106,26.377566073968158
2018-07-10,1968,0,1968,150,2.0171997563960504,1.0531054376586666,1.4202815764474488,0.8084659027828651,96.38444577624446,28.412093495934958,27.852706230752837
2018-07-11,1968,0,1968,150,1.9243612147347913,0.9861892930860442,1.387213471220198,0.8313324413028299,96.71293675892592,29.979065040650408,29.543374746795593
2018-07-12,1968,0,1968,150,5.105998155738216,1.5095726395040994,2.2596455818862866,0.28545764297903975,94.49606562870376,27.329014227642276,27.806292916701093
2018-07-13,1968,0,1968,150,2.197883714852809,1.0471124104609526,1.4825261261956935,0.7378888410359195,96.21955180145667,27.645844406010735,27.42685654395964
2018-07-14,1968,0,1968,150,1.8620799079519836,0.9570488468388301,1.3645804878980146,0.8075469227682899,96.79567877241881,29.76741130739393,29.553109565401463
2018-07-15,1968,0,1968,150,2.022486082798242,0.9706638411422402,1.4221413722968057,0.8386162346375554,96.75899789716578,30.039644537995216,29.99325205640095
2018-07-16,1968,0,1968,150,1.4620456724947632,0.8045120512566916,1.209150806349135,0.8795918747587143,97.32427339747775,30.189837398373985,30.152408872193437
2018-07-17,1968,0,1968,150,1.181958701765068,0.7684462706247964,1.0871792408637446,0.8894456075307421,97.53483447792725,30.62566056910569,30.312768957479214
2018-07-18,1968,0,1968,150,0.9908137373419338,0.7489906599851158,0.9953962715129758,0.918125523297391,97.62269945555236,31.32942073170732,31.04782441864169
2018-07-19,1968,0,1968,150,0.7768460573632764,0.6713564240835547,0.881388709573294,0.9365606535718802,97.87899076715311,31.632977642276423,31.437814747414937
2018-07-20,1968,0,1968,150,0.8552004351166981,0.6864181485602526,0.9247704769923714,0.9351297016557008,97.81029225852441,31.704623983739836,31.615994157829906
2018-07-21,1968,0,1968,150,1.4918021574327467,0.8423241018279781,1.2213935309443662,0.9086981586501636,97.25781761965003,31.573069105691058,31.568905407820292
2018-07-22,1968,0,1968,150,1.1426753300755814,0.7805879063722563,1.0689599291253071,0.914846226272437,97.46710812157473,30.857164634146343,30.766158928716084
2018-07-23,1968,0,1968,150,1.361879751685453,0.7949005735598929,1.166996037562019,0.9040033515299701,97.38817306618294,30.58196138211382,30.610116712446136
2018-07-24,1968,0,1968,150,1.6109030331320973,0.8550122255232275,1.269213549065758,0.8811799021843743,97.26188372277213,31.398069105691054,31.133777840350703
2018-07-25,1968,0,1968,150,2.59410715230248,1.0276056210199993,1.6106232186028115,0.7860064315685181,96.61200040596249,31.282469512195117,31.20430651040581
2018-07-26,1968,0,1968,150,5.37785257582779,1.4129135872290384,2.319019744596365,0.663513219380157,95.02300520515738,29.839989837398377,30.24871266566641
2018-07-27,1968,0,1968,150,6.37670707848093,1.5679545532397137,2.525214263875628,0.5492435259421157,94.30888217041303,28.344664634146344,28.885080640878133
2018-07-28,1968,0,1968,150,4.539241539990147,1.368190642488681,2.130549586372058,0.5610588173060449,94.94066758841564,27.58216463414634,27.818642552306013
2018-07-29,1968,0,1968,150,3.875708080958538,1.3912774613233116,1.9686818130308763,0.7087776543377526,95.07564463959095,28.330640243902437,28.14030866312787
2018-07-30,1968,0,1968,150,3.2914582860272756,1.261045094234187,1.814237659742316,0.7805029481678468,95.46648896765923,28.36692073170732,28.317270804226883
2018-07-31,1968,0,1968,150,3.9553387271405507,1.394596289813034,1.9888033404890868,0.6810290954240894,95.02291929103154,28.405792682926833,28.27365449773587
2018-08-01,1968,0,1968,150,4.328349017074833,1.360289957465195,2.0804684609661432,0.6511873491720904,95.18013920741619,28.26895325203252,28.30752653222743
2018-08-02,1968,0,1968,150,2.626901962126302,1.168894118603652,1.620772026574466,0.7757697538163346,95.95947408600794,28.915752032520324,28.91599242183251
2018-08-03,1968,0,1968,150,2.7481215320906203,1.1608782969839204,1.6577459190390487,0.7830004670691701,96.03422251665216,29.304522357723577,29.10057366960417
2018-08-04,1968,0,1968,150,4.013409757711277,1.3420303030351604,2.0033496344151405,0.5587270442898868,95.2651913574179,28.02828580399144,28.07839835465439
2018-08-05,1968,0,1968,150,2.070898607979532,1.0508819072227167,1.439061710969871,0.783626408916571,96.44495170186234,29.239176829268292,28.911217974453436
2018-08-06,1968,0,1968,150,2.6599693776784163,1.0130907930978916,1.6309412551279756,0.7428811001005737,96.53474018564805,29.379827235772357,29.47991794299304
2018-08-07,1968,0,1968,150,1.4963686901499036,0.8783168359029851,1.2232614970438265,0.8857234053829568,97.1284374806642,30.44059257899981,30.061701210533702
2018-08-08,1968,0,1968,150,2.0490907962336253,0.9301548929394902,1.431464563387311,0.8533912681160774,96.9587453767309,30.666010219553247,30.666183242952922
2018-08-09,1968,0,1968,150,4.044081632869463,1.1931472795180977,2.0109902120272647,0.777675369122651,95.802984889498,29.522495119687676,30.00151970812945
2018-08-10,1968,0,1968,150,1.8885824636721855,0.9438795958108049,1.3742570588038416,0.8759927989753694,96.86004036579254,30.071493902439023,29.859752040568406
2018-08-11,1968,0,1968,150,1.1361689280345328,0.7313045325318004,1.0659122515641393,0.9296785082750552,97.61235141016313,30.78231707317073,30.67334117443581
2018-08-12,1968,0,1968,150,1.1900959582349164,0.7935855661950459,1.0909151929618162,0.9259905709119262,97.41109480313993,30.94242886178862,30.837800443657045
2018-08-13,1968,0,1968,150,2.3307739923508497,0.9900053330553256,1.5266872608202537,0.8002035939478462,96.63547728171491,29.567936991869917,29.74390845763974
2018-08-14,1275,0,1275,150,4.819212227514121,1.545903398999981,2.1952704224113533,0.5811396536094825,94.67172506173904,30.287686274509806,30.79037051182167
2018-08-15,1968,0,1968,150,13.326394739469109,2.704059265105705,3.650533486967228,-0.15235097773846062,91.13543201813123,29.767886178861787,28.876342659074115
2018-08-16,1968,0,1968,150,6.163687165080121,1.861567274923247,2.4826774186511065,0.4708944000806271,93.19488304538733,27.801016260162598,28.16494112964568
2018-08-17,1968,0,1968,150,4.460117490606601,1.5484914537367784,2.111899024718417,0.09707886051455539,93.93222542796927,25.557876016260163,26.153026920993153
2018-08-18,1968,0,1968,150,3.1513273579456706,1.2415851244112341,1.7751978362835144,0.6153222232063089,95.43842311723954,26.413211382113822,25.907621658914458
2018-08-19,1968,0,1968,150,2.3285306794996394,1.127413205014981,1.5259523844142842,0.8372694831170537,96.11839289469627,28.46788617886179,28.140422545797456
2018-08-20,1968,0,1968,150,1.873403213202861,0.919410025395029,1.3687232054739413,0.847869355022122,96.79127046635921,28.455894308943087,28.57742577161246
2018-08-21,1968,0,1968,150,1.1449274802091118,0.7661893061506071,1.0700128411421574,0.905073578545201,97.34226978609787,28.86006097560976,28.839748066615282
2018-08-22,1968,0,1968,150,1.7056910719851957,0.8730304423386489,1.306021084050788,0.8512976093281195,96.75467192170478,27.590650406504064,27.877409601599222
2018-08-23,1968,0,1968,150,1.4148603828992365,0.852116402184091,1.1894790384446614,0.8861001683587313,96.76137359463583,26.485365853658536,26.59008385689278
2018-08-24,1906,0,1906,150,1.4739175476476456,0.8764310163315796,1.2140500597782802,0.9177086215226374,96.78557346228622,27.599213011542496,27.421318111739904
2018-08-25,1944,0,1944,150,2.095571921658632,1.0808223489871243,1.4476090361898934,0.8774138393667305,95.9859371707261,27.6798353909465,27.803148414372416
2018-08-26,1968,0,1968,150,2.2893275611222044,1.1228400221685084,1.5130523986703845,0.724145494263513,95.83842352759045,26.95218495934959,26.621410021452398
2018-08-27,1968,0,1968,150,2.04795275072659,1.0328726183108197,1.4310669972878944,0.8282345758098727,96.43855571781644,28.579471544715446,28.080687206935107
2018-08-28,1968,0,1968,150,1.721260580824681,0.9444998578327458,1.3119682087705788,0.8746006430255647,96.86074251563981,29.767987804878047,29.186221029700302
2018-08-29,1968,0,1968,150,2.4540527314593326,1.1432813266428508,1.5665416468959044,0.8079679210508849,96.17993641242776,30.005589430894307,29.565965521626357
2018-08-30,1968,0,1968,150,2.9092186964833155,1.1418724852938476,1.705643191433459,0.7382374115341483,96.06143707356244,29.103437550078322,29.1269668030545
2018-08-31,1968,0,1968,150,3.5308705278130605,1.2779010459060218,1.879061076126335,0.50274900594761,95.25490283270969,26.929652392730326,27.186020006009233
2018-09-01,1968,0,1968,150,1.5648403479814361,0.8816907836169732,1.2509357889122192,0.7012436295023311,96.73407088084407,26.595172764227645,26.683232466379803
2018-09-02,1968,0,1968,150,2.039275822434885,0.9763445365719681,1.4280321503505742,0.7520281561248766,96.64247804844258,28.471646341463412,28.137462848570287
2018-09-03,1968,0,1968,150,2.3975217901468646,1.1425339723990215,1.5483932931096236,0.8421372990947877,96.01240031563893,29.038414634146342,29.021986084255747
2018-09-04,1968,0,1968,150,2.1766734772304868,1.0617910590598254,1.4753553732001272,0.8609366201628708,96.30809109077998,28.862499999999997,28.66596491356206
2018-09-05,1968,0,1968,150,3.046568843878542,1.1988783580500906,1.745442306087068,0.816800553277649,95.53747570157951,27.551981707317072,27.82915505936475
2018-09-06,1968,0,1968,150,6.13808906196498,1.7076873002982722,2.4775167127518998,-0.13773656936172074,92.85532116593428,23.8385162601626,24.061535167015666
2018-09-07,1968,0,1968,150,2.4314916349570668,1.1551013361147748,1.5593240955481535,0.812466812668064,94.60823715283588,21.72530487804878,22.093605806187885
2018-09-08,1968,0,1968,150,3.6048435249935427,1.3444120335385081,1.8986425479783031,0.8428272320047576,94.16791278323815,23.03434959349594,22.54491913997061
2018-09-09,1968,0,1968,150,2.0417314519035337,1.1051790083326944,1.4288916865541397,0.8579357956440399,95.33726807338078,23.954268292682926,23.830156292857193
2018-09-10,1968,0,1968,150,2.6255657320235506,1.1536810559955073,1.620359753889102,0.767746073384592,94.75731237857966,22.125,22.497552178254942
2018-09-11,1967,0,1967,150,1.4383642642034171,0.8867421923375561,1.199318249758344,0.8988083555174049,96.14698663187573,23.312595979133434,23.143167441910634
2018-09-12,1968,0,1968,150,1.9672047859129993,1.0126808292362868,1.4025707775057197,0.8033707265462717,95.53888515523218,22.69816964439637,22.639878377197235
2018-09-13,1968,0,1968,150,1.7434005631557783,0.8952586551022724,1.3203789468011744,0.830398878465657,96.22551093976284,23.160772357723573,22.794626888705462
2018-09-14,1968,0,1968,150,2.355122863435187,1.0440147140161777,1.5346409558705212,0.8362296975852107,95.95224884038132,25.32606707317073,24.71878767982731
2018-09-15,1968,0,1968,150,1.102383873774223,0.7482317259641198,1.0499447003410338,0.9234663505972315,97.04303007678394,25.231097560975613,24.969813937094152
2018-09-16,1968,0,1968,150,1.0440395713793966,0.7500406088363664,1.0217825460338401,0.9182068607093352,96.96057202914919,24.391351952641976,24.33832078929839
2018-09-17,1968,0,1968,150,1.535645396991487,0.877576779543869,1.239211602992599,0.8879835038624728,96.19573410382934,23.291260162601624,23.297756063259715
2018-09-18,1968,0,1968,150,1.9415594863107124,0.9334961457062148,1.393398538218952,0.8088277489618259,96.30361484614087,24.627303202761244,24.03947725625542
2018-09-19,1968,0,1968,150,2.7976431765587213,1.2392807812276547,1.6726156691119216,0.8152826545344848,95.54486536020083,27.07703002574457,26.390926837921143
2018-09-20,1968,0,1968,150,5.852191271373109,1.5554128350524121,2.419130271683009,0.5748275833541648,93.37355428513987,22.958261446036875,23.937481654368764
2018-09-21,1968,0,1968,150,3.3779429029852888,1.2126561778531237,1.8379180893024827,0.5055442424542,94.63233646660731,21.9846572628625,21.62073701523184
2018-09-22,1968,0,1968,150,2.0713540126621335,1.0078576616155424,1.4392199319986274,0.8358448347539609,95.59204301914161,22.508638211382113,22.550356588227963
2018-09-23,1968,0,1968,150,1.9613052209964386,1.03937883696905,1.4004660727759308,0.8905101120061938,95.60553640409171,23.678556910569107,23.333926477567935
2018-09-24,1968,0,1968,150,3.9495212952546073,1.396730208784584,1.9873402565375178,0.7270700365638341,93.88420716365616,22.607113821138213,23.078905052285855
2018-09-25,1968,0,1968,150,2.060857997422771,1.055417056199981,1.4355688758895446,0.7788880813892324,94.34125401103955,18.790040650406507,19.31045251357846
2018-09-26,1968,0,1968,150,1.2962552353548267,0.8566188083146149,1.1385320528447263,0.631505507068294,95.08380396155731,17.391996012926636,17.152271942879125
2018-09-27,1968,0,1968,150,1.283417345991377,0.8631599626890042,1.1328801110406066,0.8501976360305958,95.72541137667176,20.059806910569105,19.64273733094456
2018-09-28,1968,0,1968,150,2.876780791277562,1.2604370681250965,1.6961075411888134,0.8378367880491053,93.92724414425044,20.83262195121951,20.51563633602809
2018-09-29,1968,0,1968,150,2.186381802662418,1.0859214026753494,1.4786418777589176,0.9094214462680057,94.76984480413252,21.82195121951219,21.537837623580685
2018-09-30,1968,0,1968,150,2.7119675844444098,1.2212808739848253,1.6468052660968782,0.8086798984387805,94.50460766441356,22.153709349593495,22.21886001030604
2018-10-01,1968,0,1968,150,1.802857581558195,0.9971124227454023,1.342705321937094,0.8949303286715085,94.74317714156119,19.735315040650406,19.820515703864213
2018-10-02,1968,0,1968,150,1.4384840418040012,0.9071627740937521,1.1993681844221153,0.9238236344261184,95.31289267640828,19.70655487804878,19.885292719050152
2018-10-03,1968,0,1968,150,1.8882224736687783,1.0760792553909424,1.3741260763368033,0.9107007542865908,94.27900473392064,19.608790650406508,19.90570132713008
2018-10-04,1968,0,1968,150,1.8707145735956776,0.9994064804499712,1.3677406821454414,0.929354756409497,94.67568025467087,19.97454268292683,20.086915705019866
2018-10-05,1968,0,1968,150,1.5494364490464716,0.9265541531206146,1.2447636117136747,0.938612948409559,94.9577348970731,19.670731707317074,20.030549497623753
2018-10-06,1968,0,1968,150,1.5132596486884713,0.9212162650697598,1.230146189966246,0.92522796568128,95.33268750771052,20.795223577235774,20.588095597619933
2018-10-07,1968,0,1968,150,2.207675897108604,1.0757180882663262,1.485824988721284,0.8696677012934847,94.66061738486667,20.8827743902439,20.742307996362204
2018-10-08,1968,0,1968,150,3.396688407873947,1.3018063642740116,1.8430106911990356,0.7395481296187896,93.12982144527521,18.729914330347306,19.066586435325746
2018-10-09,1968,0,1968,150,2.0572523466479242,1.039128158586781,1.4343124996484986,0.8424119390152311,93.44917359506869,17.433333333333334,17.681993975145062
2018-10-10,1968,0,1968,150,3.192728506483182,1.2676767846917716,1.7868207818589927,0.8781743897031524,91.83270613560974,16.550813008130078,16.396768809091753
2018-10-11,1968,0,1968,150,1.9483329700105527,1.0527794330585292,1.3958269842679474,0.8960296499542489,93.63480189545108,17.40752032520325,17.222063929811725
2018-10-12,1968,0,1968,150,1.9584991070244948,0.9890350607352528,1.3994638641367254,0.8985060438651254,93.8875494474963,17.549237804878047,17.648513332615053
2018-10-13,1968,0,1968,150,3.1794635301420953,1.232452024386181,1.7831050249893008,0.69157029031224,92.33695677881843,15.872662601626015,16.465185797796018
2018-10-14,1968,0,1968,150,1.5780839983112973,0.9244883189429438,1.2562181332520628,0.47149910160492114,93.70527559761676,14.755041024653439,14.630341237153464
2018-10-15,1968,0,1968,150,1.3511661146969682,0.8482001211100477,1.1623967114100797,0.7835364645028298,94.35735388356908,15.557723577235771,15.7415835772588
2018-10-16,1968,0,1968,150,1.499789196217761,0.8883339552859949,1.2246588080840153,0.8093193692883027,94.72472737632933,16.6260162601626,16.461640176007418
2018-10-17,1968,0,1968,150,2.381144963415393,1.1149912062699232,1.5430959022093842,0.8206999900556525,93.64396894245796,17.399034552845528,17.245534466534124
2018-10-18,1968,0,1968,150,1.5846172258431004,0.9544852777225215,1.2588158029843366,0.849343504817999,94.20449717144906,16.884603658536587,17.018810301776824
2018-10-19,1968,0,1968,150,1.6344979196181342,0.9047417934832533,1.27847484121438,0.7687504604340379,93.5250433485884,14.164837398373983,14.573397959393214
2018-10-20,1968,0,1968,150,0.830839235151523,0.6576582580077939,0.9115038316713336,0.7340857123363497,95.13760446229638,13.626168699186993,13.816827307387095
2018-10-21,1968,0,1968,150,0.8730143118161269,0.6953552236886529,0.9343523488578208,0.5695287121463676,94.98683948696718,14.065142276422765,14.071240328918627
2018-10-22,1968,0,1968,150,2.3750805694324675,1.0437798621055474,1.5411296406962223,0.7605906578166375,93.73098436352149,16.26175554002915,16.063295940558117
2018-10-23,1968,0,1968,150,1.910066538339233,0.9888908913465051,1.3820515686251482,0.838660152944309,94.23492313718378,17.04420731707317,17.045287078958218
2018-10-24,1968,0,1968,150,1.6695937479827747,0.9416038778254656,1.2921276051469432,0.8304668574859322,95.02103039682078,18.610619918699186,18.39240361641093
2018-10-25,1968,0,1968,150,2.0140947123493067,1.00211603229608,1.4191880468596496,0.7533967941843455,93.95742569849862,17.53734756097561,17.929134212131423
2018-10-26,1968,0,1968,150,4.020135636422925,1.464569438521455,2.0050275899405787,0.8664159303553612,90.37328689582739,16.461788617886178,16.423461068209594
2018-10-27,1968,0,1968,150,2.1847628521640803,1.0832957821176294,1.4780943312806798,0.9133567388557859,92.4486353571678,15.780408481518677,15.734533891202958
2018-10-28,1968,0,1968,150,2.774585487576039,1.2006591163097073,1.6657087042985754,0.909722644354024,92.76146441623723,17.67336816920421,17.28678980445474
2018-10-29,1968,0,1968,150,2.4477891949388013,1.0921038882798249,1.5645412090893616,0.9342038387988785,93.17605512343762,17.850643942572315,17.921957901822843
2018-10-30,1968,0,1968,150,2.234796686151463,1.089273573228014,1.494923638903159,0.933941934617931,92.89895791993779,17.570172764227646,17.623697583752918
2018-10-31,1968,0,1968,150,2.935666904134872,1.17565982826838,1.7133787976203254,0.9165231938314721,92.61441316134893,17.292152290426582,17.18910079128374
2018-11-01,1968,0,1968,150,3.1635500552750835,1.2051301889719648,1.7786371342337042,0.8673139835663342,92.50859606500819,16.764631260452195,17.04027459970335
2018-11-02,1968,0,1968,150,2.099716689558058,1.0715253838322405,1.4490399199325248,0.8973223408061995,92.53920021921085,15.950143859250185,16.15557692302921
2018-11-03,1968,0,1968,150,2.3324224519947414,1.1707974371871328,1.527227046641966,0.8880906376775429,92.83145839036429,17.208485772357722,16.884358093990542
2018-11-04,1968,0,1968,150,3.9849801073334676,1.3138162920145484,1.9962414952438665,0.7616063445125543,91.53942905615335,17.05005081300813,16.978808528039515
2018-11-05,1968,0,1968,150,2.5631107575841647,1.1412608271691855,1.6009718166114495,0.786467255392039,90.63249327328867,12.515193089430893,13.094579288629982
2018-11-06,1968,0,1968,150,1.9245741608954243,0.9214062957259698,1.3872902223022494,0.35399369502613454,89.75981844784548,8.88689024390244,9.057736831951917
2018-11-07,1968,0,1968,150,1.6180816342583009,0.8424403185766887,1.2720383776672388,0.1396026664058435,88.159362455921,7.472052845528455,7.793247975469605
2018-11-08,1968,0,1968,150,3.3078046865390145,1.2873968029135945,1.8187371130922179,0.7053546596619028,86.89397165026934,9.812195977068757,9.233615682316504
2018-11-09,1968,0,1968,150,4.100083581126612,1.5119736281655185,2.0248663119145944,0.5436215606663468,87.12060465847749,12.203607723577234,11.521510403058151
2018-11-10,1968,0,1968,150,2.607696372895373,1.0379497235383444,1.6148363300642492,-0.03358740090871226,91.56639841614704,12.124288617886178,12.697572811347682
2018-11-11,1968,0,1968,150,0.9041317354515254,0.7104172748278795,0.9508584202979565,0.7811661872554237,94.20919111532669,12.532113821138212,12.822045575312483
2018-11-12,1968,0,1968,150,1.8817340027627967,0.9773528479463686,1.3717631000879111,0.7752264318814496,91.57267621621243,12.107113821138213,12.135523339839486
2018-11-13,1968,0,1968,150,1.482536836726221,0.896186742404612,1.2175946931250239,0.7032658448878866,92.98148351152768,13.10782520325203,12.916005907262244
2018-11-14,1968,0,1968,150,0.8909547114181205,0.6475973971490937,0.9439039736213216,0.49556548203177153,94.84526255127882,12.40599593495935,12.705866547619424
2018-11-15,1968,0,1968,150,0.6271696453409917,0.5900976567248988,0.7919404304245312,0.7418892904769944,95.38542389172747,12.78785569105691,12.631510963042578
2018-11-16,1968,0,1968,150,0.7432170598580627,0.6292270899788152,0.8621003769040254,0.8549466091169442,93.70188345929719,10.658536585365853,10.980892593783091
2018-11-17,1968,0,1968,150,0.916414557031206,0.6717938651398915,0.9572954387393716,0.6981850494514392,91.68897008018011,8.134197154471545,8.616663980532469
2018-11-18,1968,0,1968,150,1.954363099787736,1.0182578892415821,1.3979853718074935,0.7079390005656797,78.68618746192767,7.6399390243902445,7.922612245439275
2018-11-19,1968,0,1968,150,2.4087046046552594,1.152503950421403,1.5520001947987183,0.6715706382200219,86.77535096794344,9.719207317073172,9.188186466148714
2018-11-20,1968,0,1968,150,1.6184621500438108,0.9302969648586055,1.2721879381773005,0.61316922501369,92.0727568558761,11.75553861788618,11.23347173279863
2018-11-21,1968,0,1968,150,2.6130531202703384,1.2125391682996074,1.6164940829679328,0.8450875053498931,81.68542761053709,10.211128048780488,10.876167660635874
2018-11-22,1968,0,1968,150,2.0526368519899116,1.0833659260556465,1.4327026390671274,0.8333466329218285,83.92227350065069,9.142530487804878,9.249734579643228
2018-11-23,1968,0,1968,150,3.1183800618565916,1.2695504222943532,1.7658935590393299,0.8306050829070244,87.18037755117065,11.075457317073171,10.66713429581586
2018-11-24,1968,0,1968,150,1.4831349454276224,0.9165365067923941,1.2178402791120115,0.8889473215776981,91.45879157053074,11.941819105691057,12.087410491171891
2018-11-25,1968,0,1968,150,2.617083300804121,1.1829410936774276,1.6177401833434568,0.8758842595852995,88.58983563402901,11.90706300813008,12.244451995302992
2018-11-26,1968,0,1968,150,1.9591974315801033,1.0055037433054388,1.3997133390734344,0.9127431409026003,90.61558362869481,12.189583333333333,12.380075992365194
2018-11-27,1968,0,1968,150,1.876700975973443,1.0330836077531178,1.3699273615682852,0.8823695500633919,90.94916150163384,12.770579268292684,12.849991992479417
2018-11-28,1968,0,1968,150,1.5658826371600127,0.9091277931279282,1.2513523233526251,0.9081229177232619,92.34039858855958,12.944715447154472,12.833511399302056
2018-11-29,1968,0,1968,150,1.9279364071325455,0.9837279061856296,1.3885014969860658,0.8725304154485896,92.23011821286829,13.320631345629138,13.271616602573937
2018-11-30,1968,0,1968,150,1.8986691305190069,0.9691889720719037,1.3779220335414508,0.7394981134475545,91.75784453330523,11.879420731707315,12.22329430488067
2018-12-01,1968,0,1968,150,1.2535018719996027,0.789406105512526,1.1195989782058586,0.6375029663148467,93.46884704957964,11.906605691056908,11.951493454415624
2018-12-02,1968,0,1968,150,0.7284608332590808,0.6516213607497332,0.8534991700400656,0.5138288948908427,94.68076535162812,12.264634146341463,12.034744180072614
2018-12-03,1968,0,1968,150,1.0100407547127161,0.7339898671561141,1.005007838134965,0.7364444220074006,92.55189493665415,10.379979674796749,10.770763631758651
2018-12-04,1968,0,1968,150,0.955462775697635,0.7436278814707346,0.977477762252234,0.5363450316991678,91.04720048974777,8.463973577235771,8.210617715507988
2018-12-05,1968,0,1968,150,1.64592712848591,0.8653682609217438,1.2829369152401493,0.5526190383250811,83.38890272119052,6.2108739837398375,6.60527913741828
2018-12-06,1967,0,1967,150,0.9060836394738664,0.6581577089378903,0.9518842573936531,0.5979881007610328,80.59818489493355,5.2864260294865275,5.614617895681541
2018-12-07,1968,0,1968,150,2.424715633051681,1.0581106102953448,1.5571498428384087,-0.3912089833561889,-8.896315175193802,1.6908536585365854,2.279021104996479
2018-12-08,1968,0,1968,150,0.734724124836527,0.5854341836651523,0.8571605012111366,0.6619358591580489,35.09407713935197,1.307520325203252,1.5599273061024275
2018-12-09,1968,0,1968,150,0.524320682601316,0.5482314540270141,0.7240999120296288,0.6935308239513835,38.131545437889095,1.350609756097561,1.7884209406300924
2018-12-10,1965,0,1965,150,0.9823255555635745,0.7555434656905309,0.9911233805957634,0.3713388656223252,-17.071851220297173,1.0287531806615777,1.6409046316353495
2018-12-11,1966,0,1966,150,2.5117144904787074,1.13987271363692,1.5848389478046996,0.6351255677200534,16.198470669898445,2.384757194173581,2.493780243673195
2018-12-12,1968,0,1968,150,1.7063358029338827,0.988649849983975,1.3062678909526493,0.8107897877249428,9.365349677678193,2.101970570048447,2.5514050529524637
2018-12-13,1968,0,1968,150,1.9253509827189799,1.0366176177202382,1.3875701721783227,0.8179185190552611,44.93031114580058,4.291666666666667,3.995511322491424
2018-12-14,1968,0,1968,150,1.414090965048565,0.830669627141842,1.1891555680601948,0.5482687231614993,74.65898224405987,4.805538617886178,4.951340501086833
2018-12-15,1968,0,1968,150,1.7199302039626554,0.9692149971249302,1.3114610951006727,0.6815998931253464,33.947815038652564,3.9589939024390244,4.653117911964447
2018-12-16,1968,0,1968,150,6.4903707832505,1.7540161382138026,2.5476206121105434,0.6957964127602658,34.72155820096211,6.054674618289253,5.404631043027532
2018-12-17,1968,0,1968,150,3.7431209439226247,1.4314139975683509,1.9347146931583026,0.8498671727530096,57.52428290827414,7.335337635701547,7.411255540997282
2018-12-18,1968,0,1968,150,2.4722158952428415,1.1380355303080154,1.5723281766993942,0.8378500946285814,83.88835647589191,10.149949186991869,9.633989420492766
2018-12-19,1968,0,1968,150,1.6641128070949172,0.899050882095244,1.2900049639807272,0.2975836301908331,89.59087700201468,8.845477642276423,9.067759899589104
2018-12-20,1968,0,1968,150,1.0173910491058058,0.7325401919644053,1.0086580436926114,0.6368490824732616,92.45206251035901,9.961026422764228,9.475279030761099
2018-12-21,1968,0,1968,150,0.6907540154077934,0.6101977403570966,0.8311161263071445,0.8180273316320017,93.88751954871746,9.972154471544716,9.829290772356638
2018-12-22,1968,0,1968,150,0.9368451844279012,0.6929398276941562,0.9679076321777307,0.7125468928700941,89.59838116824838,8.154776422764227,8.35934879043238
2018-12-23,1968,0,1968,150,1.9667659199100465,0.871332772536491,1.4024143182063018,0.4997400932126347,88.75427513206576,7.689888211382114,7.5819663603494805
2018-12-24,1968,0,1968,150,1.2530546954978936,0.7944517339678194,1.119399256520163,0.7937150913818272,86.1636814563616,6.489837398373984,6.773325822649266
2018-12-25,1968,0,1968,150,1.0672628620137223,0.6828346370083348,1.0330841504997172,0.47145189495196216,87.27955421550249,5.774542682926829,6.143659062089202
2018-12-26,1968,0,1968,150,0.9540410353639651,0.7081619164619664,0.9767502420598446,0.6592701941286943,80.53676570217534,4.756910569105692,5.311053201543428
2018-12-27,1968,0,1968,150,1.4718535792791074,0.9273569409409917,1.2131997276949527,0.7501273146641086,14.221739416677536,2.3210873983739835,3.150939901313949
2018-12-28,1967,0,1967,150,1.1491460089118009,0.8058854655550635,1.0719822801295742,0.6461038146465194,-22.37491329209551,-0.8227758007117438,-0.22480899886804362
2018-12-29,1964,0,1964,150,1.2930361437205349,0.7867533102944451,1.1371174713812706,0.5190924752648085,5.229006777224687,-1.3880346232179226,-0.7382760768877754
2018-12-30,1964,0,1964,150,1.8969908746020319,1.0607934237923997,1.3773129181859989,0.6113642158517838,27.759970676449797,-2.026069246435845,-1.2650153882035657
2018-12-31,1964,3,1961,150,1.4053018746227837,0.8459843786489023,1.185454290397898,0.7430666771284387,-3.8665200472176586,-0.9032586558044806,-0.6424499151598133
